ADRIANA_GIL,ADRIANA_GIL
AGENCIA LUPA,AGENCIA_LUPA
AGENCIALUPA,AGENCIA_LUPA
ALBERT EINSTEIN,ALBERT_EINSTEIN
ALBERTO FERNANDEZ,ALBERTO_FERNANDEZ
ALEJANDRA DIAZ,ALEJANDRA_DIAZ
ALVARO DIAS,ALVARO_DIAS
ALVARO URIBE,URIBE
AMERICA LATINA,LATINOAMERICA
ANA MARIA,ANA_MARIA
ANDRADE,HADDAD
ANDRES FELIPE,ANDRES_FELIPE
ANDRES MANUEL LOPEZ OBRADOR,LOPEZ_OBRADOR
ANGELICA SOSA,ANGELICA_SOSA
ARTURO MURILLO,ARTURO_MURILLO
BENITO JUAREZ,BENITO_JUAREZ
BILL GATES,BILL_GATES
BILL GATES,BILL_GATES
JOÃO ALBERTO SILVEIRA FREITAS,JOAO_ALBERTO
JOÃO ALBERTO FREITAS,JOAO_ALBERTO
JOÃO ALBERTO,JOAO_ALBERTO
PORTO ALEGRE,PORTO_ALEGRE
BILL MELINDA,BILL_MELINDA
BUENOS AIRES,BUENOS_AIRES
CABO DACIOLO,DACIOLO
CARLOS BOLSONARO,CARLOS_BOLSONARO
CASILDA CUNDUMI,CASILDA_CUNDUMI
CATHY BARRIGA,CATHY_BARRIGA
CIDADE DE MEXICO,CDMX
CIDADE MEXICO,CDMX
CIRO GOMES,CIRO
CLARA JIMENEZ,CLARA_JIMENEZ
CLOROQUINA CLOROQUINA,CLOROQUINA
CRISTIAN MONCKEBERG,CRISTIAN_MONCKEBERG
CRISTIAN MONCKEBERG BRUNER,CRISTIAN_MONCKEBERG
CRISTIANO RONALDO,RONALDO
DANIEL JADUE,DANIEL_JADUE
DANIEL SCIOLI,SCIOLI
DEUTSCHE WELLE,DW
DISTRITO FEDERAL,DISTRITO_FEDERAL
DONALD TRUMP,TRUMP
DOUGLAS LEON NATERA,DOUGLAS_L_NATERA
EDUARDO BOLSONARO,EDUARDO_BOLSONARO
EQUIPO COCUYO,
ESPIRITO SANTO,ESPIRITO_SANTO
EVO MORALES,EVO
FELIPE ARIAS,FELIPE_ARIAS
FELIPE CALDERON,FELIPE_CALDERON
FELIPE KAST,FELIPE_KAST
FERNANDO HADDAD,HADDAD
FLAVIO BOLSONARO,FLAVIO_BOLSONARO
FOLHA DE S. PAULO,FOLHA
FOLHA DE S.PAULO,FOLHA
GENERAL SANTOYO,SANTOYO
GEORGE FLOYD,FLOYD
GERALDO ALCKMIN,ALCKMIN
GRETA THUNBERG,GRETA
GUIA BASICO,GUIA_BASICO
GUILHERME BOULOS,BOULOS
HENRIQUE MEIRELLES,MEIRELLES
HIDROXICLOROQUINA,CLOROQUINA
HOSPITAL ALBERT EINSTEIN,ALBERT_EINSTEIN
HUGO CHAVEZ,HUGO_CHAVEZ
INSTITUTO MALBRAN,MALBRAN
INTERCEPT BRASIL,INTERCEPT
IVAN DUQUE,IVAN_DUQUE
IVAN DUQUE MARQUEZ,IVAN_DUQUE
JAIR BOLSONARO,BOLSONARO
JAIR BOLSONARO,BOLSONARO
JEANINE,AÑEZ
JEANINE ANEZ,AÑEZ
JOAO AMOEDO,AMOEDO
JOAO DORIA,DORIA
JOAO GOULART,JOAO_GOULART
JOAQUIN LOPEZ,JOAQUIN_LOPEZ
JORDI EL NINO POLLA,JORDI_EL_NINO
JORDI NINO POLLA,JORDI_EL_NINO 
JORGE SHARP,SHARP
JORNAL DA CIDADE ONLINE,JORNAL_DA_CIDADE_ONLINE
JORNAL NACIONAL,JORNAL_NACIONAL
JORNAL NACIONAL,JORNAL_NACIONAL
JOSE GREGORIO,JG_HERNÁNDEZ
JOSE GREGORIO HERNANDEZ,JG_HERNÁNDEZ
JOSE TOMAR,JOSE_TOMAR
JUAN GUAIDO,GUAIDO
JUDY MIKOVITS,JUDY_MIKOVITS
JUNIOR ARIAS,JUNIOR_ARIAS
KARA KARA,KARA_KARA
KARLA RUBILAR,KARLA_RUBILAR
KOBE BRYANT,KOBE
LA PAZ,LA_PAZ
LI WENDALIANG,LI_WENDALIANG
LOLA MELNICK,LOLA_MELNICK
LUIS ALBERTO ARCE,LUIS_ARCE
LUIS ARCE,LUIS_ARCE
LUIS FERNANDO,LUIS_FERNANDO
LUIS FERNANDO LOPEZ,LUIS_FERNANDO
LUIS PARRA,LUIS_PARRA
MAHAN AIR,MAHAN_AIR
MARCELO_NAVAJAS,NAVAJAS
MARCO ANTONIO PUMARI,MARCO_PUMARI
MARÍA DÍAZ,MARIA_DIAZ
MARIA HURTADO,MARIA_HURTADO
MARINA SILVA,MARINA
MARIO MOLINA,MARIO_MOLINA
MASCARILLAS,MASCARILLA
MATO GROSSO,MATO_GROSSO
MATO GROSSO DO SUL,MATO_GROSSO_DO_SUL
MAURICIO MACRI,MACRI
MAURICIO SANTOYO,SANTOYO
MEL GIBSON,MEL_GIBSON
MIGUEL ANGEL MARTIN,MIGUEL_ANGEL
MIGUEL BOSE,MIGUEL_BOSE
MINAS GERAIS,MG
MOHAMMED MOSTAJO,MOHAMMED_MOSTAJO
MOHAMMED MOSTAJO-RADJI,MOHAMMED_MOSTAJO
MONICA ZALAQUETT,MÓNICA_ZALAQUETT
MORALES,EVO
NICOLAS MADURO,MADURO
NICOLAS MADURO,NICOLAS_MADURO
OLAVO DE CARVALHO,OLAVO_DE_CARVALHO
OSMAR TERRA,OSMAR_TERRA
PABLO MEDINA,PABLO_MEDINA
PABLO ZALAQUETT,PABLO_ZALAQUETT
PAULO GUEDES,GUEDES
PEDRO VERDUGO,PEDRO_VERDUGO
PEPE MIJUCA,MIJUCA
PERCY MARIN,PERCY_MARIN
PERCY MARIN VERA,PERCY_MARIN
PRESIDENTE BOLSONARO,BOLSONARO
PROVINCIA DE BUENOS AIRES,BUENOS_AIRES
PUERTO MADERO,PUERTO_MADERO
QASEM SOLEIMANI,SOLEIMANI
RENAN BOLSONARO,RENAN_BOLSONARO
RICARDO SALLES,SALLES
RICARDO STUCKERT,RICARDO_STUCKERT
RICHARD BLACK,RICHARD_BLACK
RIO BRANCO,RIO_BRANCO
RIO DE JANEIRO,RIO_DE_JANEIRO
RIO GRANDE DO NORTE,RIO_GRANDE_DO_NORTE
RIO GRANDE DO SUL,RIO_GRANDE_DO_SUL
S J DO RIO PRETO,SJRP
SAN BERNARDO,SAN_BERNARDO
SAN JOSE,SAN_JOSE
SANTA CATARINA,SANTA_CATARINA
SANTA CRUZ,SANTA_CRUZ
SANTA CRUZ DE LA SIERRA,SANTA_CRUZ
SAO JOSE DO RIO PRETO,SJRP
SAO PAULO,SP
SARA CUNIAL,SARA_CUNIAL
SERGIO MELNICK,SERGIO_MELNICK
SIRIO QUINTERO,SIRIO_QUINTERO
TAREK WILLIAM SAAB,TAREK WILLIAM SAAB
TASUKU HONJO,TASUKU_HONJO
TEDROS ADHANOM,TEDROS
TEDROS ADHANOM GHEBREYESUS,TEDROS
TEDROS GHEBREYESUS,TEDROS
TIUNA II,TIUNA_II
VALLE CAUCA,VALLE_DEL_CAUCA
VALLE DEL CAUCA,VALLE_DEL_CAUCA
VERA LUCIA,VERA
VICTOR HUGO,VICTOR_HUGO
VITTORIO SGARBI,VITTORIO_SGARBI
WASHINGTON POST,WASHINGTON_POST
NEW YORK,NY
NEW JERSEY,NJ
SAN FRANCISCO,SAN_FRANCISCO
OSCAR,OSCAR 
OSCARS,OSCAR
